S1	E1	S2	E2	Reference	Contig	IDY	Ambiguous	Best_group
8889	19296	10408	1	MN908947.3	NODE_1_length_10409_cov_158.939603	99.98		True
CONTIG	NODE_1_length_10409_cov_158.939603	10409	correct
19317	23814	1	4498	MN908947.3	NODE_2_length_4514_cov_119.386825	99.93		True
CONTIG	NODE_2_length_4514_cov_119.386825	4514	correct
4569	8661	4093	1	MN908947.3	NODE_3_length_4093_cov_154.769793	99.98		True
CONTIG	NODE_3_length_4093_cov_154.769793	4093	correct
CONTIG	NODE_4_length_4070_cov_3.078367	4070	unaligned
25674	29703	1	4029	MN908947.3	NODE_5_length_4051_cov_180.829511	99.85		True
CONTIG	NODE_5_length_4051_cov_180.829511	4051	correct
31	3853	1	3823	MN908947.3	NODE_6_length_3823_cov_156.675866	100.0		True
CONTIG	NODE_6_length_3823_cov_156.675866	3823	correct
23760	25672	1913	1	MN908947.3	NODE_7_length_1913_cov_76.844345	100.0		True
CONTIG	NODE_7_length_1913_cov_76.844345	1913	correct
CONTIG	NODE_8_length_845_cov_2.342618	845	unaligned
CONTIG	NODE_9_length_517_cov_0.835897	517	unaligned
