REGION	POS	REF	ALT	REF_DP	REF_RV	REF_QUAL	ALT_DP	ALT_RV	ALT_QUAL	ALT_FREQ	TOTAL_DP	PVAL	PASS	GFF_FEATURE	REF_CODON	REF_AA	ALT_CODON	ALT_AA	POS_AA
MN908947.3	1875	C	T	54	41	37	21	10	38	0.276316	76	9.35729e-08	TRUE	orf1ab:cds-QHD43415.1	GCA	A	GTA	V	537
MN908947.3	9477	T	A	0	0	0	147	70	37	1	147	1.70655e-88	TRUE	orf1ab:cds-QHD43415.1	TTT	F	TAT	Y	3071
MN908947.3	14805	C	T	3	1	37	902	454	37	0.994487	907	0	TRUE	orf1ab:cds-QHD43415.1	TAC	Y	TAT	Y	446
MN908947.3	23796	A	+T	151	147	37	65	0	20	0.430464	151	3.88868e-16	TRUE	NA	NA	NA	NA	NA	NA
MN908947.3	25979	G	T	0	0	0	123	3	38	1	123	3.48033e-73	TRUE	ORF3a:cds-QHD43417.1	GGA	G	GTA	V	196
MN908947.3	28144	T	C	2	0	38	575	56	37	0.996534	577	0	TRUE	ORF8:cds-QHD43422.1	TTA	L	TCA	S	84
MN908947.3	28657	C	T	0	0	0	88	35	37	1	88	4.4197e-53	TRUE	N:cds-QHD43423.2	GAC	D	GAT	D	128
MN908947.3	28863	C	T	0	0	0	182	98	37	1	182	1.27356e-108	TRUE	N:cds-QHD43423.2	TCA	S	TTA	L	197
