REGION	POS	REF	ALT	REF_DP	REF_RV	REF_QUAL	ALT_DP	ALT_RV	ALT_QUAL	ALT_FREQ	TOTAL_DP	PVAL	PASS	GFF_FEATURE	REF_CODON	REF_AA	ALT_CODON	ALT_AA	POS_AA
MN908947.3	241	C	T	4	2	37	483	234	37	0.98773	489	2.95795e-283	TRUE	NA	NA	NA	NA	NA	NA
MN908947.3	1875	C	T	62	41	37	29	23	37	0.315217	92	1.30246e-10	TRUE	orf1ab:cds-QHD43415.1	GCA	A	GTA	V	537
MN908947.3	3037	C	T	0	0	0	213	98	37	1	213	2.98725e-127	TRUE	orf1ab:cds-QHD43415.1	TTC	F	TTT	F	924
MN908947.3	11719	G	A	9	6	37	186	101	37	0.953846	195	2.64721e-101	TRUE	orf1ab:cds-QHD43415.1	CAG	Q	CAA	Q	3818
MN908947.3	14408	C	T	2	1	38	570	274	37	0.996503	572	0	TRUE	orf1ab:cds-QHD43415.1	CCT	P	CTT	L	314
MN908947.3	20268	A	G	0	0	0	338	11	37	1	338	2.07944e-202	TRUE	orf1ab:cds-QHD43415.1	TTA	L	TTG	L	2267
MN908947.3	23403	A	G	6	2	37	807	331	36	0.99262	813	0	TRUE	S:cds-QHD43416.1	GAT	D	GGT	G	614
MN908947.3	23796	A	+T	277	275	37	74	0	20	0.267148	277	3.65054e-18	TRUE	NA	NA	NA	NA	NA	NA
