﻿SAMPLE,CHROM,POS,REF,ALT,FILTER,DP,REF_DP,ALT_DP,AF,GENE,EFFECT,HGVS_C,HGVS_P,HGVS_P_1LETTER,CALLER,LINEAGE
SAMPLE1_PE,MN908947.3,241,C,T,PASS,489,4,483,0.99,orf1ab,upstream_gene_variant,c.-25C>T,.,.,ivar,B.1
SAMPLE1_PE,MN908947.3,1875,C,T,PASS,92,62,29,0.32,orf1ab,missense_variant,c.1610C>T,p.Ala537Val,p.A537V,ivar,B.1
SAMPLE1_PE,MN908947.3,3037,C,T,PASS,213,0,213,1.0,orf1ab,synonymous_variant,c.2772C>T,p.Phe924Phe,p.F924F,ivar,B.1
SAMPLE1_PE,MN908947.3,11719,G,A,PASS,195,9,186,0.95,orf1ab,synonymous_variant,c.11454G>A,p.Gln3818Gln,p.Q3818Q,ivar,B.1
SAMPLE1_PE,MN908947.3,14408,C,T,PASS,572,2,570,1.0,orf1ab,synonymous_variant,c.14143C>T,p.Leu4715Leu,p.L4715L,ivar,B.1
SAMPLE1_PE,MN908947.3,20268,A,G,PASS,338,0,338,1.0,orf1ab,stop_lost,c.20003A>G,p.Ter6668Trpext*?,p.*6668Wext*?,ivar,B.1
SAMPLE1_PE,MN908947.3,23403,A,G,PASS,813,6,807,0.99,S,missense_variant,c.1841A>G,p.Asp614Gly,p.D614G,ivar,B.1
SAMPLE1_PE,MN908947.3,23796,A,AT,PASS,277,277,74,0.27,S,frameshift_variant,c.2236dupT,p.Ser746fs,p.S746fs,ivar,B.1
SAMPLE2_PE,MN908947.3,1875,C,T,PASS,76,54,21,0.28,orf1ab,missense_variant,c.1610C>T,p.Ala537Val,p.A537V,ivar,A.2
SAMPLE2_PE,MN908947.3,9477,T,A,PASS,147,0,147,1.0,orf1ab,missense_variant,c.9212T>A,p.Phe3071Tyr,p.F3071Y,ivar,A.2
SAMPLE2_PE,MN908947.3,14805,C,T,PASS,907,3,902,0.99,orf1ab,missense_variant,c.14540C>T,p.Thr4847Ile,p.T4847I,ivar,A.2
SAMPLE2_PE,MN908947.3,23796,A,AT,PASS,151,151,65,0.43,S,frameshift_variant,c.2236dupT,p.Ser746fs,p.S746fs,ivar,A.2
SAMPLE2_PE,MN908947.3,25979,G,T,PASS,123,0,123,1.0,ORF3a,missense_variant,c.587G>T,p.Gly196Val,p.G196V,ivar,A.2
SAMPLE2_PE,MN908947.3,28144,T,C,PASS,577,2,575,1.0,ORF8,missense_variant,c.251T>C,p.Leu84Ser,p.L84S,ivar,A.2
SAMPLE2_PE,MN908947.3,28657,C,T,PASS,88,0,88,1.0,N,synonymous_variant,c.384C>T,p.Asp128Asp,p.D128D,ivar,A.2
SAMPLE2_PE,MN908947.3,28863,C,T,PASS,182,0,182,1.0,N,missense_variant,c.590C>T,p.Ser197Leu,p.S197L,ivar,A.2
SAMPLE3_SE,MN908947.3,241,C,T,PASS,642,375,266,0.41,orf1ab,upstream_gene_variant,c.-25C>T,.,.,ivar,B
SAMPLE3_SE,MN908947.3,1875,C,T,PASS,99,63,34,0.34,orf1ab,missense_variant,c.1610C>T,p.Ala537Val,p.A537V,ivar,B
SAMPLE3_SE,MN908947.3,3037,C,T,PASS,131,27,104,0.79,orf1ab,synonymous_variant,c.2772C>T,p.Phe924Phe,p.F924F,ivar,B
SAMPLE3_SE,MN908947.3,3830,AG,TT,ft,15,9,6,0.4,orf1ab,missense_variant,c.3565_3566delAGinsTT,p.Ser1189Phe,p.S1189F,ivar,B
SAMPLE3_SE,MN908947.3,3833,TTT,AAC,ft,15,9,5,0.33,orf1ab,missense_variant,c.3568_3570delTTTinsAAC,p.Phe1190Asn,p.F1190N,ivar,B
SAMPLE3_SE,MN908947.3,3839,G,T,PASS,15,8,6,0.4,orf1ab,stop_gained,c.3574G>T,p.Glu1192*,p.E1192*,ivar,B
SAMPLE3_SE,MN908947.3,3846,A,T,ft,15,9,4,0.27,orf1ab,missense_variant,c.3581A>T,p.Lys1194Met,p.K1194M,ivar,B
SAMPLE3_SE,MN908947.3,3848,AG,CT,ft,15,8,4,0.27,orf1ab,missense_variant,c.3583_3584delAGinsCT,p.Ser1195Leu,p.S1195L,ivar,B
SAMPLE3_SE,MN908947.3,3852,A,T,ft,14,7,4,0.29,orf1ab,missense_variant,c.3587A>T,p.Glu1196Val,p.E1196V,ivar,B
SAMPLE3_SE,MN908947.3,4430,A,C,PASS,40,16,21,0.52,orf1ab,missense_variant,c.4165A>C,p.Met1389Leu,p.M1389L,ivar,B
SAMPLE3_SE,MN908947.3,4432,G,T,PASS,40,14,22,0.55,orf1ab,missense_variant,c.4167G>T,p.Met1389Ile,p.M1389I,ivar,B
SAMPLE3_SE,MN908947.3,4433,C,A,PASS,39,14,18,0.46,orf1ab,missense_variant,c.4168C>A,p.Pro1390Thr,p.P1390T,ivar,B
SAMPLE3_SE,MN908947.3,4435,T,C,PASS,40,15,23,0.57,orf1ab,synonymous_variant,c.4170T>C,p.Pro1390Pro,p.P1390P,ivar,B
SAMPLE3_SE,MN908947.3,4436,GTC,CGG,PASS,40,13,24,0.6,orf1ab,missense_variant,c.4171_4173delGTCinsCGG,p.Val1391Arg,p.V1391R,ivar,B
SAMPLE3_SE,MN908947.3,4439,TGT,GTC,PASS,40,13,23,0.57,orf1ab,missense_variant,c.4174_4176delTGTinsGTC,p.Cys1392Val,p.C1392V,ivar,B
SAMPLE3_SE,MN908947.3,4442,GT,AG,PASS,40,13,21,0.52,orf1ab,missense_variant,c.4177_4178delGTinsAG,p.Val1393Arg,p.V1393R,ivar,B
SAMPLE3_SE,MN908947.3,4446,AA,TT,PASS,40,16,20,0.5,orf1ab,missense_variant,c.4181_4182delAAinsTT,p.Glu1394Val,p.E1394V,ivar,B
SAMPLE3_SE,MN908947.3,4448,ACT,TAA,PASS,39,13,20,0.51,orf1ab,stop_gained,c.4183_4185delACTinsTAA,p.Thr1395*,p.T1395*,ivar,B
SAMPLE3_SE,MN908947.3,5013,T,A,PASS,41,29,11,0.27,orf1ab,missense_variant,c.4748T>A,p.Val1583Asp,p.V1583D,ivar,B
SAMPLE3_SE,MN908947.3,7674,CG,TA,PASS,50,29,15,0.3,orf1ab,missense_variant,c.7409_7410delCGinsTA,p.Ala2470Val,p.A2470V,ivar,B
SAMPLE3_SE,MN908947.3,7676,A,T,PASS,51,33,15,0.29,orf1ab,stop_gained,c.7411A>T,p.Arg2471*,p.R2471*,ivar,B
SAMPLE3_SE,MN908947.3,7679,GAC,TGT,PASS,50,29,15,0.3,orf1ab,missense_variant,c.7414_7416delGACinsTGT,p.Asp2472Cys,p.D2472C,ivar,B
SAMPLE3_SE,MN908947.3,7682,T,G,PASS,50,32,15,0.3,orf1ab,missense_variant,c.7417T>G,p.Leu2473Val,p.L2473V,ivar,B
SAMPLE3_SE,MN908947.3,7684,G,T,PASS,50,31,16,0.32,orf1ab,missense_variant,c.7419G>T,p.Leu2473Phe,p.L2473F,ivar,B
SAMPLE3_SE,MN908947.3,7685,T,A,PASS,51,33,15,0.29,orf1ab,missense_variant,c.7420T>A,p.Ser2474Thr,p.S2474T,ivar,B
SAMPLE3_SE,MN908947.3,7688,CTA,AAC,PASS,51,31,20,0.39,orf1ab,missense_variant,c.7423_7425delCTAinsAAC,p.Leu2475Asn,p.L2475N,ivar,B
SAMPLE3_SE,MN908947.3,7691,CAG,GTA,PASS,53,35,18,0.34,orf1ab,missense_variant,c.7426_7428delCAGinsGTA,p.Gln2476Val,p.Q2476V,ivar,B
SAMPLE3_SE,MN908947.3,7694,T,A,PASS,50,32,16,0.32,orf1ab,missense_variant,c.7429T>A,p.Phe2477Ile,p.F2477I,ivar,B
SAMPLE3_SE,MN908947.3,8322,G,C,PASS,28,19,8,0.29,orf1ab,missense_variant,c.8057G>C,p.Arg2686Pro,p.R2686P,ivar,B
SAMPLE3_SE,MN908947.3,8324,G,T,PASS,28,19,9,0.32,orf1ab,missense_variant,c.8059G>T,p.Asp2687Tyr,p.D2687Y,ivar,B
SAMPLE3_SE,MN908947.3,8330,G,A,PASS,28,19,8,0.29,orf1ab,missense_variant,c.8065G>A,p.Gly2689Ser,p.G2689S,ivar,B
SAMPLE3_SE,MN908947.3,9477,T,A,PASS,231,147,84,0.36,orf1ab,missense_variant,c.9212T>A,p.Phe3071Tyr,p.F3071Y,ivar,B
SAMPLE3_SE,MN908947.3,11719,G,A,PASS,142,39,103,0.73,orf1ab,synonymous_variant,c.11454G>A,p.Gln3818Gln,p.Q3818Q,ivar,B
SAMPLE3_SE,MN908947.3,14408,C,T,PASS,618,318,298,0.48,orf1ab,synonymous_variant,c.14143C>T,p.Leu4715Leu,p.L4715L,ivar,B
SAMPLE3_SE,MN908947.3,14805,C,T,PASS,1051,593,456,0.43,orf1ab,missense_variant,c.14540C>T,p.Thr4847Ile,p.T4847I,ivar,B
SAMPLE3_SE,MN908947.3,19276,GGT,ATG,PASS,23,12,11,0.48,orf1ab,missense_variant,c.19011_19013delGGTinsATG,p.Val6338Cys,p.V6338C,ivar,B
SAMPLE3_SE,MN908947.3,19279,TGT,CAC,PASS,23,11,11,0.48,orf1ab,missense_variant,c.19014_19016delTGTinsCAC,p.Val6339Thr,p.V6339T,ivar,B
SAMPLE3_SE,MN908947.3,19282,GAT,AGC,PASS,23,11,11,0.48,orf1ab,missense_variant,c.19017_19019delGATinsAGC,p.Met6340Ala,p.M6340A,ivar,B
SAMPLE3_SE,MN908947.3,19285,GG,CT,PASS,22,10,12,0.55,orf1ab,missense_variant,c.19020_19021delGGinsCT,p.MetVal6340IleLeu,p.MV6340IL,ivar,B
SAMPLE3_SE,MN908947.3,19289,GC,TA,PASS,23,12,11,0.48,orf1ab,stop_gained,c.19024_19025delGCinsTA,p.Ala6342*,p.A6342*,ivar,B
SAMPLE3_SE,MN908947.3,19291,AGT,GTG,PASS,23,12,11,0.48,orf1ab,missense_variant,c.19026_19028delAGTinsGTG,p.Val6343Cys,p.V6343C,ivar,B
SAMPLE3_SE,MN908947.3,19294,TTG,ACA,PASS,24,14,9,0.38,orf1ab,missense_variant,c.19029_19031delTTGinsACA,p.Cys6344His,p.C6344H,ivar,B
SAMPLE3_SE,MN908947.3,19297,T,A,PASS,22,15,7,0.32,orf1ab,stop_gained,c.19032T>A,p.Cys6344*,p.C6344*,ivar,B
SAMPLE3_SE,MN908947.3,20268,A,G,PASS,233,50,183,0.79,orf1ab,stop_lost,c.20003A>G,p.Ter6668Trpext*?,p.*6668Wext*?,ivar,B
SAMPLE3_SE,MN908947.3,21147,T,C,ft,17,12,5,0.29,orf1ab,missense_variant,c.20882T>C,p.Leu6961Ser,p.L6961S,ivar,B
SAMPLE3_SE,MN908947.3,21148,GGA,TTT,PASS,17,8,8,0.47,orf1ab,missense_variant,c.20883_20885delGGAinsTTT,p.LeuGlu6961PheLeu,p.LE6961FL,ivar,B
SAMPLE3_SE,MN908947.3,21152,GT,TC,PASS,17,8,6,0.35,orf1ab,missense_variant,c.20887_20888delGTinsTC,p.Val6963Ser,p.V6963S,ivar,B
SAMPLE3_SE,MN908947.3,21159,G,T,ft,24,18,6,0.25,orf1ab,missense_variant,c.20894G>T,p.Trp6965Leu,p.W6965L,ivar,B
SAMPLE3_SE,MN908947.3,21162,T,A,PASS,24,15,6,0.25,orf1ab,missense_variant,c.20897T>A,p.Leu6966Gln,p.L6966Q,ivar,B
SAMPLE3_SE,MN908947.3,21163,A,G,ft,24,17,6,0.25,orf1ab,synonymous_variant,c.20898A>G,p.Leu6966Leu,p.L6966L,ivar,B
SAMPLE3_SE,MN908947.3,21165,A,T,PASS,23,14,9,0.39,orf1ab,stop_lost,c.20900A>T,p.Ter6967Leuext*?,p.*6967Lext*?,ivar,B
SAMPLE3_SE,MN908947.3,21166,A,T,PASS,24,15,6,0.25,orf1ab,stop_lost,c.20901A>T,p.Ter6967Tyrext*?,p.*6967Yext*?,ivar,B
SAMPLE3_SE,MN908947.3,21168,G,A,PASS,24,16,8,0.33,orf1ab,missense_variant,c.20903G>A,p.Arg6968Lys,p.R6968K,ivar,B
SAMPLE3_SE,MN908947.3,21377,CT,TC,ft,11,8,3,0.27,orf1ab,missense_variant,c.21112_21113delCTinsTC,p.Leu7038Ser,p.L7038S,ivar,B
SAMPLE3_SE,MN908947.3,21380,CC,TT,ft,11,8,3,0.27,orf1ab,missense_variant,c.21115_21116delCCinsTT,p.Pro7039Phe,p.P7039F,ivar,B
SAMPLE3_SE,MN908947.3,21382,TAT,ATA,ft,11,8,3,0.27,orf1ab,missense_variant,c.21117_21119delTATinsATA,p.Ile7040Tyr,p.I7040Y,ivar,B
SAMPLE3_SE,MN908947.3,21385,TC,AG,ft,11,8,3,0.27,orf1ab,missense_variant,c.21120_21121delTCinsAG,p.Leu7041Val,p.L7041V,ivar,B
SAMPLE3_SE,MN908947.3,22326,C,T,PASS,33,18,13,0.39,S,missense_variant,c.764C>T,p.Ser255Phe,p.S255F,ivar,B
SAMPLE3_SE,MN908947.3,22328,T,A,PASS,33,21,12,0.36,S,missense_variant,c.766T>A,p.Ser256Thr,p.S256T,ivar,B
SAMPLE3_SE,MN908947.3,22331,G,A,PASS,33,18,13,0.39,S,missense_variant,c.769G>A,p.Gly257Ser,p.G257S,ivar,B
SAMPLE3_SE,MN908947.3,22335,GG,TT,PASS,33,19,13,0.39,S,missense_variant,c.773_774delGGinsTT,p.Trp258Phe,p.W258F,ivar,B
SAMPLE3_SE,MN908947.3,22344,G,A,PASS,32,18,8,0.25,S,missense_variant,c.782G>A,p.Gly261Asp,p.G261D,ivar,B
SAMPLE3_SE,MN908947.3,22346,G,T,PASS,32,18,14,0.44,S,missense_variant,c.784G>T,p.Ala262Ser,p.A262S,ivar,B
SAMPLE3_SE,MN908947.3,23403,A,G,PASS,1738,1267,464,0.27,S,missense_variant,c.1841A>G,p.Asp614Gly,p.D614G,ivar,B
SAMPLE3_SE,MN908947.3,23504,GG,TT,PASS,121,75,31,0.26,S,missense_variant,c.1942_1943delGGinsTT,p.Gly648Phe,p.G648F,ivar,B
SAMPLE3_SE,MN908947.3,23509,T,C,PASS,120,78,30,0.25,S,synonymous_variant,c.1947T>C,p.Cys649Cys,p.C649C,ivar,B
SAMPLE3_SE,MN908947.3,23510,T,C,PASS,120,78,40,0.33,S,synonymous_variant,c.1948T>C,p.Leu650Leu,p.L650L,ivar,B
SAMPLE3_SE,MN908947.3,23515,A,T,PASS,128,87,37,0.29,S,synonymous_variant,c.1953A>T,p.Ile651Ile,p.I651I,ivar,B
SAMPLE3_SE,MN908947.3,23518,G,T,PASS,126,84,37,0.29,S,synonymous_variant,c.1956G>T,p.Gly652Gly,p.G652G,ivar,B
SAMPLE3_SE,MN908947.3,23519,GC,TT,PASS,125,82,38,0.3,S,missense_variant,c.1957_1958delGCinsTT,p.Ala653Phe,p.A653F,ivar,B
SAMPLE3_SE,MN908947.3,23817,T,C,PASS,59,38,20,0.34,S,missense_variant,c.2255T>C,p.Leu752Pro,p.L752P,ivar,B
SAMPLE3_SE,MN908947.3,23826,AA,CT,PASS,40,21,18,0.45,S,missense_variant,c.2264_2265delAAinsCT,p.Gln755Pro,p.Q755P,ivar,B
SAMPLE3_SE,MN908947.3,23828,TA,AC,PASS,40,29,10,0.25,S,missense_variant,c.2266_2267delTAinsAC,p.Tyr756Thr,p.Y756T,ivar,B
SAMPLE3_SE,MN908947.3,25647,G,C,PASS,22,5,11,0.5,ORF3a,missense_variant,c.255G>C,p.Leu85Phe,p.L85F,ivar,B
SAMPLE3_SE,MN908947.3,25648,T,C,PASS,23,8,14,0.61,ORF3a,synonymous_variant,c.256T>C,p.Leu86Leu,p.L86L,ivar,B
SAMPLE3_SE,MN908947.3,25650,G,T,PASS,23,6,13,0.57,ORF3a,missense_variant,c.258G>T,p.Leu86Phe,p.L86F,ivar,B
SAMPLE3_SE,MN908947.3,25651,TTT,CAG,PASS,23,9,12,0.52,ORF3a,missense_variant,c.259_261delTTTinsCAG,p.Phe87Gln,p.F87Q,ivar,B
SAMPLE3_SE,MN908947.3,25654,G,A,PASS,23,9,11,0.48,ORF3a,missense_variant,c.262G>A,p.Val88Ile,p.V88I,ivar,B
SAMPLE3_SE,MN908947.3,25656,A,T,PASS,24,9,14,0.58,ORF3a,synonymous_variant,c.264A>T,p.Val88Val,p.V88V,ivar,B
SAMPLE3_SE,MN908947.3,25657,ACA,TTG,PASS,24,8,15,0.62,ORF3a,missense_variant,c.265_267delACAinsTTG,p.Thr89Leu,p.T89L,ivar,B
SAMPLE3_SE,MN908947.3,25660,G,T,PASS,24,9,15,0.62,ORF3a,missense_variant,c.268G>T,p.Val90Phe,p.V90F,ivar,B
SAMPLE3_SE,MN908947.3,25662,T,C,PASS,24,11,11,0.46,ORF3a,synonymous_variant,c.270T>C,p.Val90Val,p.V90V,ivar,B
SAMPLE3_SE,MN908947.3,25663,TAC,GCG,PASS,25,11,12,0.48,ORF3a,missense_variant,c.271_273delTACinsGCG,p.Tyr91Ala,p.Y91A,ivar,B
SAMPLE3_SE,MN908947.3,25666,TC,CT,PASS,24,10,11,0.46,ORF3a,missense_variant,c.274_275delTCinsCT,p.Ser92Leu,p.S92L,ivar,B
SAMPLE3_SE,MN908947.3,25670,AC,TG,PASS,25,12,12,0.48,ORF3a,missense_variant,c.278_279delACinsTG,p.His93Leu,p.H93L,ivar,B
SAMPLE3_SE,MN908947.3,25673,T,A,PASS,25,11,12,0.48,ORF3a,missense_variant,c.281T>A,p.Leu94His,p.L94H,ivar,B
SAMPLE3_SE,MN908947.3,25979,G,T,PASS,122,69,53,0.43,ORF3a,missense_variant,c.587G>T,p.Gly196Val,p.G196V,ivar,B
SAMPLE3_SE,MN908947.3,27512,AC,CA,PASS,59,39,17,0.29,ORF7a,missense_variant,c.119_120delACinsCA,p.Tyr40Ser,p.Y40S,ivar,B
SAMPLE3_SE,MN908947.3,27514,GAG,TTA,PASS,59,23,15,0.25,ORF7a,missense_variant,c.121_123delGAGinsTTA,p.Glu41Leu,p.E41L,ivar,B
SAMPLE3_SE,MN908947.3,27517,GGC,CTT,PASS,59,23,15,0.25,ORF7a,missense_variant,c.124_126delGGCinsCTT,p.Gly42Leu,p.G42L,ivar,B
SAMPLE3_SE,MN908947.3,27520,AAT,GGG,PASS,58,38,16,0.28,ORF7a,missense_variant,c.127_129delAATinsGGG,p.Asn43Gly,p.N43G,ivar,B
SAMPLE3_SE,MN908947.3,27523,TCA,ATT,PASS,58,23,32,0.55,ORF7a,missense_variant,c.130_132delTCAinsATT,p.Ser44Ile,p.S44I,ivar,B
SAMPLE3_SE,MN908947.3,27526,CCA,AAT,PASS,58,24,31,0.53,ORF7a,missense_variant,c.133_135delCCAinsAAT,p.Pro45Asn,p.P45N,ivar,B
SAMPLE3_SE,MN908947.3,27529,TT,AA,PASS,58,40,17,0.29,ORF7a,missense_variant,c.136_137delTTinsAA,p.Phe46Asn,p.F46N,ivar,B
SAMPLE3_SE,MN908947.3,27532,CA,TT,PASS,59,40,17,0.29,ORF7a,missense_variant,c.139_140delCAinsTT,p.His47Phe,p.H47F,ivar,B
SAMPLE3_SE,MN908947.3,28144,T,C,PASS,631,328,299,0.47,ORF8,missense_variant,c.251T>C,p.Leu84Ser,p.L84S,ivar,B
SAMPLE3_SE,MN908947.3,28657,C,T,PASS,153,104,49,0.32,N,synonymous_variant,c.384C>T,p.Asp128Asp,p.D128D,ivar,B
